[{
		"name": "python",
		"cmd": "python --version",
		"regex": "[0-9]+[.][0-9]*[.0-9]*"
	}, {
		"name": "java",
		"cmd": "java -version",
		"regex": "[0-9]+[.][0-9]*[.0-9]*"
	}, {
		"name": "perl",
		"cmd": "perl -version",
		"regex": "[0-9]+[.][0-9]*[.0-9]*"
	}, {
		"name": "curl",
		"cmd": "curl --version",
		"regex": "[0-9]+[.][0-9]*[.0-9]*"
	}, {
		"name": "nano",
		"cmd": "nano --version",
		"regex": "[0-9]+[.][0-9]*[.0-9]*"
	}, {
		"name": "php",
		"cmd": "php -v",
		"regex": "[0-9]+[.][0-9]*[.0-9]*"
	},{
		"name": "ruby",
		"cmd": "ruby --version",
		"regex": "[0-9]+[.][0-9]*[.0-9]*"
	}, {
		"name": "scala",
		"cmd": "scala -version",
		"regex": "[0-9]+[.][0-9]*[.0-9]*"
	}, {
		"name": "groovy",
		"cmd": "groovy -version",
		"regex": "[0-9]+[.][0-9]*[.0-9]*"
	},{
		"name": "httpd",
		"cmd": "httpd -V",
		"regex": "[0-9]+[.][0-9]*[.0-9]*"
	}, {
		"name": "nginx",
		"cmd": "nginx -v",
		"regex": "[0-9]+[.][0-9]*[.0-9]*"
	}, {
		"name": "pip",
		"cmd": "pip --version",
		"regex": "[0-9]+[.][0-9]*[.0-9]*"
	}, {
		"name": "node",
		"cmd": "node -v",
		"regex": "[0-9]+[.][0-9]*[.0-9]*"
	}, {
		"name": "npm",
		"cmd": "npm -v",
		"regex": "[0-9]+[.][0-9]*[.0-9]*"
	}, {
		"name": "gunicorn",
		"cmd": "gunicorn --version",
		"regex": "[0-9]+[.][0-9]*[.0-9]*"
	},{
		"name": "wget",
		"cmd": "wget --version",
		"regex": "[0-9]+[.][0-9]*[.0-9]*"
	}
]
